spanish,wayuunaiki
"vete","pu'unaa"
"fuego","siki"
"pare","püshawala'ma"
"esperen","ja'atapajaa taya"
"daos prisa","kakuwaata"
"dese prisa","püaülaa"
"me oculte","ounjulashi taya"
"me escondi","anujulaashi taya"
"me escondia","anujulaapünashi taya"
"corri","awataashi taya"
"corria","awatapünashi taya"
"lo intento","too'ulaküin"
"disparen","jasoneera'ma"
"al ataque","pushutapa"
"ataquen","jashuta"
"levanta","piyaleran"
"vayan ahora mismo","jo'una joolu'ukana'aya"
"vayan ya","jo'una joolu'u"
"lo pillas","pütaülüin"
"el corrio","awataashi"
"metete adentro","pikerolo paülü'ümüin"
"abrazame","pujuupajaa taya"
"me preocupo","shiwaatüsü taa'in"
"yo lo se","tatüjaa o'u"
"menti","taküjüin ta'alain"
"perdi","akanajuushi taya"
"cante","e'irajüshi taya"
"llore","a'yalajüshi taya"
"lloraba","a'yalajapu'ushi taya"
"tengo diecinueve","po'oloo mekiisalüichi taya"
"estoy levantado","atamaaichipa taya"
"escuchen","jaapaja"
"imposible","isasü achikirün"
"de eso nada","nnojotsü ti'a"
"ni cagando","e'itaichi te'iitüin"
"minga","mawalaatasalü"
"ni en pedo","e'itaichi toorolüin"
"la verdad","shiimüinkalü"
"por que yo","jamakaa tayainjachin"
"preguntale a tom","püsakira tom"
"sed buenas","ana jaya"
"sean buenos","ana jiairua"
"sean gentiles","kamanee jiairua"
"se agradable","anakuwa'ipalü jiairua"
"pirate","isa pia"
"llamanos","jeenaja waya"
"agarra a tom","pütaüla tom"
"bajate","püshakata"
"salgan","jojuitapa"
"salga de aqui","pujuitapa yaajee yaa"
"a la calle","kaayelu'umüin"
"vete a casa","pu'una miichipa'amüin"
"chau","wane ka'iya'asa"
"el vino","antüshi"
"golpea a tom","pi'iyaata tom"
"abraza a tom","pujuupajaa tom"
"estoy de acuerdo","oonooshi taya sümaa"
"me incline","ejepülaashi taya"
"me congele","asaamiajaashi taya"
"me hele","asaamiajaasha'anashi taya"
"me he mudado","akolojooshi taya"
"me mude","akolojooichipa taya"
"me traslade","alataashi taya"
"me he trasladado","alataaichipa taya"
"dormi","atunkuichipa taya"
"lo intente","to'ulaküin"
"soy tom","taya tom"
"estoy en forma","ayatayüi taya"
"estoy afectado","sheewain taya"
"soy timido","japüle'e taya"
"estoy mojada","chütsü taya"
"unete a nosotros","jo'u wamaai pia"
"se parte nuestra","ee pia wamaa"
"guardalo","pünaajaan"
"pasa desapercibido","pülata sünain matüjaanin po'u"
"yo tambien","taya ya'asa"
"perfecto","anasha'anasü"
"empujala","pu'uta süchiki"
"empujalo","pu'uta nüchiki"
"muestramelo","pi'iyatan"
"ense amelo","pi'iyata tamüin"
"cerra el pico","püsurala pi'ichi"
"saltatelo","puwatan"
"detenlo","püshawale'erapan"
"tom comio","eküshi tom"
"tom corrio","awataashi tom"
"tom gano","akanashi tom"
"esperame despierto","pa'atapaja taya sünain katoin po'u"
"nos preocupamos","mojusü waa'in"
"perdimos","amuloishii waya"
"quien comio","jarai ekakai yaa"
"quien corria","jarai awataapu'ukai yaa"
"quien corrio","jarai awataakai yaa"
"quien gano","jarai akanajakai"
"quien ha ganado","jarai akanajakai yaa"
"estoy gorda","kaüsüsü taya"
"preguntales","püsakirairua"
"aparta","pükatalaa"
"apartate","pükatalaapa"
"se un hombre","toolo pia"
"se fuerte","katchin pia"
"sea breve","püshapajaapa"
"sean breves","jashapajaapa"
"encuentre a tom","pünta nünain tom"
"encuentren a tom","jünta nünain tom"
"arregla esto","pünaata tüü"
"tumbate","pujuttapa"
"subes","aliiküshi pia"
"buen trabajo","anasü pi'yataain"
"sujeta a tom","pajapülü'ü tom"
"el hablo","ashajaashi niakai"
"el lo intenta","nu'ulaküin"
"el prueba","nu'ulaküin she'ejü"
"hola que hay","jamayaa kasa eekalü"
"ey chavales","jeirakaa jima'alii"
"buenas","jamayaa"
"hola por aqui","jamayaa yaapünaa yaa"
"que encanto","anale'ejain"
"que tan profundo","keinotsü ma'ain"
"como de profundo","jamüsü shiinoluin"
"hazme el favor","paa'ira tamüin wanee analu'ulu"
"convine","anasü amünii"
"accedi","taapa ekiirü"
"maldije","to'ulejüin"
"despotrique","o'ulejashi taya"
"fracase","mojusü takuwa'ipa"
"me las arreglo","naajeerü tatuma"
"llame por telefono","enajüshi taya süka teleepana"
"me niego","ayoutajaashi taya"
"renuncio","nnojolüichipa taya sünainpünaa"
"suspire","tasanalüin taa'in"
"sonrei","akulemalaashi taya"
"yo lo uso","taa'inrajia"
"estoy calmado","eimalaashi taya"
"soy bastante facilon","mapüleesha'anashi taya"
"soy justo","pansaasü takuwa'ipa"
"estoy lleno","emirashi taya"
"estoy llena","emirasü taya"
"ya me llene","emiraichipa taya"
"estoy herido","pasiruuashi taya"
"llego tarde","anteechi taya mapeena"
"soy vago","shokulashi taya"
"estoy perdida","amuloisü taya"
"soy malo","mojulaashi taya"
"soy pobre","müliashi taya"
"soy rico","washit taya"
"estoy a salvo","isashi taya"
"soy delgado","pasanuashi taya"
"estoy limpio","wuleshi taya"
"soy fea","kashüülasü taya"
"estoy calentito","jaichonshi taya"
"estoy debil","nnojotsü taa'in"
"soy listo","yalayatshi taya"
"eso ayuda","eiwaajüsü ti'a"
"duele","aisü"
"es viejo","laülaan"
"es rojo","ishosün"
"es triste","mojusü saa'in"
"prohibido pasar","pülasü alataa"
"besa a tomas","puusaja tomas"
"besen a tomas","juusaja tomas"
"dejame","pu'ulaa taya"
"cuidado","jalia"
"casate conmigo","kasaalü pia tamaa"
"salva a tom","püso'ira naa'in tomaa"
"ella vino","antüsü"
"ella murio","outusü"
"sientate aqui","püikalaapa ye'eyaa"
"habla mas alto","metotsha'ana pünüiki"
"un momento","jietta paala"
"parate","pütamaa"
"de pie","püshawalaa"
"deten a tom","pütala tom"
"llevate a tom","pümaa tom"
"diselo a tom","püküja nümüin tom"
"ellos ganaron","akanajüshii nayakana"
"tom lo sabia","nütijoulu tom"
"tom se fue","o'unushi tom"
"tomas miente","küshi na'alain tomas"
"tom pago","awalaajüshi tom"
"tom renuncio","oulaashi tom"
"demasiado tarde","kama'aleesü ma'ain"
"intentalo de veras","pu'ulakapa shiimüinsha'ana"
"prueben un poco","joulaka palitchon"
"usa esto","pa'ata tüü"
"avisenle a tom","jaapirapa tom"
"vigilame","pi'raja to'u"
"observame","pünanaja taya"
"observalos","pünanajairua"
"estamos de acuerdo","oonooshii waya pümaa"
"iremos","ouneena waya"
"para que","jamüinjatün"
"que divertido","talata atumalün ma'ain"
"quien vino","jarai antakai yaa"
"quien murio","jarai anaajaakai yaa"
"quien se callo","jarai koutakai yaa"
"quien se cayo","jarai ajutuukai yaa"
"quien perdio","jarai moloikai yaa"
"quien pago","jarai awalaajakai yaa"
"quien es el","jarai nia yaa"
"escribeme","püshaja tamüin"
"despues de ti","püchikijee"
"despues de usted","püchikijee piakai"
"despues de vosotras","jachikijee jayakana"
"apunta fuego","pu'ulaka pujuta"
"los pajaros vuelan","katünashii wuchiikana"
"jesus","jesuu"
"llama a casa","peenaja miichipa'amüin"
"baja un cambio","püshakata wanee sü'wanajaaya"
"atrapelo a tomas","jataüla nümüin tomas"
"capturalo","pütaülapa"
"ven a casa","jalaichi miichipa'amüin"
"los perros ladran","ootüshii etkana"
"no preguntes","nnojolü pusakirün"
"no lloren","nnojolü ja'yalajüin"
"no te mueras","nnojolü outüin pia"
"no mintais","nnojolü püküjain pa'alain"
"no corras","nnojolü püwataain"
"tienten esto","joulakapa tüü"
"olvidense de mi","mo'oto jaa'in taya"
"preparaos","yapa jaya"
"ve a cogerlo","pu'una paapaaiwan"
"el es viejo","laülaa niakai"
"el se afeito","ajuijashi niakai"
"el es rico","washirü niakai"
"es rico","washirün"
"sosten esto","pajapülüü tüü"
"que horror","kashüürale'eja"
"divierte a tom","pütalete'era naa'in tom"
"te lo ruego","tachuntüin pümüin"
"te lo suplico","tachuntasha'anain pümüin"
"puedo volar","eeshi süpüla tawatüin"
"se correr","atijashi taya awatawaa"
"senti vergüenza","japüiwaa"
"exhale","ajutaa süjoutaise"
"me rendi","ayamütchi taya"
"tire la toalla","tojutüi taanala"
"cedi","tayumulüin"
"ya te pillo","tano'utüipa pümüin"
"me dieron","aapünüsü tamüin"
"me alcanzaron","asawajünüshi taya"
"me la baja","püshakatira tamüin"
"golpee a tom","ta'yaatüichipa tom"
"me arrodille","tasapainkashi taya"
"me arrodillaba","tasapainkapu'ushi taya"
"lo adoro","aishi tapüla"
"me encanta","kamalainsha'anasü tamüin"
"veia a uno","te'erapu'ui wanee"
"te vi","te'erüin pia"
"te he visto","te'erüshi pia"
"me tropece","ko'ikiishi taya"
"estuve triste","mojusüinka taa'in"
"yo cocinare","a'lakajaajeechi taya"
"yo guisare","akisaawajeechi taya"
"vivire","kateechi o'u taya"
"cantare","ee'irajeechi taya"
"parare","asha'laajeechi taya"
"lo dejare","toulaajeerün"
"soy un hombre","toolo taya"
"soy un pro","atijashi taya"
"estoy despierto","katüsü to'u"
"soy ciega","mo'upa'asalü taya"
"estoy sin blanca","makasuutainsai taya"
"no tengo blanca","nnojotsü kasuutolu tama'ana"
"estoy loco","mamainashi taya"
"estoy tomada","a'yajüsü taya"
"estoy prendida","epetsü taya"
"me estoy muriendo","ajalajüsü taa'in"
"soy el primero","palajachi taya tayakai"
"me toca primero","palajanaainchi taya"
"soy amado","aishi apülaa taya"
"soy amada","aisü apülaa taya"
"soy obeso","kaüsesha'anashi taya"
"lo siento","taa'inmaasün"
"yo estoy cansada","mapüsasü taya"
"no hagas caso","nnojolü poonoin"
"es grave","mayensün"
"es malo","mojusün"
"esta lejos","wattasün"
"no lo consiguio","nnojotsü tantüin anain"
"fallo","otchejaasü"
"fracaso","mojusu sükuwa'ipa"
"diluviaba","juya meimalaainsalü"
"llovio","e'itüsü juya"
"apesta","jawaisü"
"son las","müi oorakalü"
"es un televisor","wanee telewisoorü"
"hace frio","aisü jemiaikalü"
"esta frio","saamatüsü"
"esta fresco","jemiasü"
"esta oscuro","piyuushesü"
"es tarde","wattai ka'ikaa"
"es nuestro","waajüin"
"es la nuestra","shia waajüinkalü"
"se termino","ajalajaasü"
"es la hora","shia oorakalü"
"es el momento","shia süka'lia"
"quedatelos","paapaapa pümüin"
"guardenselos","jaapaapa jamüin"
"guarden esto","janaajaa tüü"
"mantente caliente","tutta pia"
"mantenganse calientes","tutta jaya waneepia"
"mantenganse abrigados","ko'oyoo jaya waneepia"
"ahora largate","pu'una mmataka"
"dejanos entrar","pu'ulaa wottaai"
"tumbate en silencio","pujutta manüliole"
"miren aqui","jeirakaa ye'eyaa"
"sueltala","püjüta süchiki"
"deja sitio","püpüta süchikanain"
"mueve el culo","püliata piiyou"
"deja pasar","pu'ulaa sülatüi"
"fuego a discrecion","ajutaa eimalawaa"
"perdona","mo'oto paa'in"
"ponganselo","ja'atapa janain"
"lean esto","jaashaje'era tüü"
"deci hola","püma jamayaa"
"vease arriba","sünalaana iipünaa"
"vease mas arriba","sünalaana iipünaasha'ana"
"a por el","aa nümüin niaka"
"cogedlo","paapaa"
"capturadlo","pütaülapan"
"ella anda","eesü shiakalü"
"ella camina","waraitüsü shiakaa"
"ella es candente","jorottüsü ma'ain shiakalü"
"esta que cruje","müsü saa'in keireeka shia"
"firme aqui","pejeetta ye'eyaa"
"sentate ahi","puikalaa ye'eyaa"
"tu mantente","waneepia pia"
"mas despacio","jayatta'a ma'in"
"mantente delgado","aürala pia"
"para eso","püshawale'era türa"
"detenlos","jashawale'eran"
"parales","püshawale'era napüla"
"cuidate","paa'inmajaa"
"te cuidas","paa'inmajaapa"
"cuidaos","jaa'inmajaa"
"asume el mando","shikiipu'u pia"
"encargate tu","pia shikiipu'ukai"
"tomen esto","jaapaa tüü"
"gracias a ti","anayaawatsüja'a pümüin"
"ese soy yo","taya'aya tayakai"
"cayeron","ajutuushii"
"se marcharon","o'unushii"
"se iban","o'unajaniaa"
"perdieron","amuloishiin"
"tom se inclino","apooliraashi tom"
"tom dormito","alepütchi tom"
"tomas condujo","achupeerajüshi tomas"
"tom esta dentro","paülü'üshi tom"
"tom esta levantado","atamaaichipa tom"
"tom teje","e'inashi tom"
"tom sabe","atijashi tom"
"tom se mudo","akolojooshi tom"
"tom se movio","akutulaashi tom"
"tom se mece","ayuunajaashi tom"
"tom se quedo","makatüshi tom"
"tom juro","ajuraajüshi tom"
"tomas lo intento","nu'ulaküin tomas"
"tomas lo intenta","nu'ulakajüin tomas"
"tomas voto","ajutushi tomas"
"tom camina","waraitüshi tom"
"tom saludo","asaküshi tom"
"tomas trabaja","a'yataashi tomas"
"confia en tom","poonoo nümaa tom"
"pruebatelo","pu'ulakapa pünain"
"esperen aqui","ja'atapaja ye'eyaa"
"abusado","e'ruushi amünii"
"nos podemos marchar","o'unushii waya"
"fallamos","otchejaashii waya"
"hemos fallado","wotchejaa amaalü"
"nos olvidamos","mo'otusü waa'in"
"lo vimos","we'erüin"
"lo veiamos","we'erapuuin"
"conversamos","yootüshii waya"
"nosotros esperamos","a'atapajüshii waya"
"veremos","we'ereerün"
"ya veremos","we'ereerü mapa"
"quien condujo","jaraichi chupetkai yaa"
"aabe","aawee"
"quien ira","jareechi o'unakai yaa"
"tu maneja","achupeerajüshi pia"
"pedazo de idiota","malawa'ata"
"tu empieza","pu'uta piakai"
"lo intentaste","pu'ulaküin"
"tu estas perfectamente","anasha'anashi ma'ain pia"
"estas perfectamente","anasha'anashi ma'ain"
"mas alto","yaletashaanashi"
"apuntad mas alto","pu'ulaka so'omüin sünain yaletasha'anain"
"tengo razon","pansaasü tatuman"
"respondanle a tomas","josokata nümüin tomas"
"tienes dieciocho","po'oloo mekiisalüirü pia"
"has cumplido dieciocho","pikeraajüin po'oloo mekiisalü juya"
"te apuntas","ouneechi pia"
"preguntenle a cualquiera","jasakiraa namüin eeke ein"
"pregunta por aqui","püsakiraa yaapüna"
"estate contento","talataa pia"
"llegue a tiempo","antaamatüshi taya"
"traed comida","püsaajaa eküülü"
"traed ayuda","püsaajaa akaaliijaa"
"trae vino","püsaajaa wino"
"puedo acercarme","eesü süpüla tarütkain"
"me puedo quedar","eesü süpüla makaatüin taya"
"lleva esto","piikajaa tüü"
"comprobad eso","pirajaa tia"
"comprueba esto","pirajaa tüü"
"escoge uno","püneekaaja waneeshi"
"ven solo","püntaa müiwa'a"
"vengan temprano","jantaa'matüin wattachon"
"venga temprano","püntaa wattachon"
"pasale","pülaneraa"
"pasenle","jalataa'ma"
"entra ya","pülataa'ma"
"metete dentro","pükerotaa paülü'ü"
"los hombres lloran","na tooloyuka a'yalajüshi"
"no vengas","nnojo püntüin"
"no mireis","nnojo pirakain"
"no cantes","nnojo pi'rajain"
"no pares","nnojo püsha'walüin"
"no esperen","nnojo ja'atapajüin"
"no chillen","nnojo jasoutain"
"el fuego quema","tü sikika asijaasü"
"sigalo a tomas","nuchiirua pia tomas"
"siganlo a tomas","ju'unaa nuchiirua tomas"
"siguele","nüchiirua pia"
"olvidate de tomas","motoo paa'in tomas"
"olvidese de tomas","motoo'ma paa'in tomas"
"olvidenlo","motoo jaa'in"
"perdonanos","ju'ulama tia"
"perdonenos","ju'ulama waya"
"consiguete una vida","püchajaa pukuwa'ipa"
"vayase a casa","pu'unama miichipa'amüin"
"dios existe","eeshi maleiwa"
"tengan fe","jüchechera janoula"
"tiro la toalla","nujutüin nainraka"
"descolgo","nükacherüin"
"el esta aqui","anii niakai ya'aya"
"el es gentil","niakai anamia"
"el es amable","niakai kamaneshi"
"el es generoso","niakai aapüin main"
"el es mezquino","niakai ichee ajapü"
"el es alto","niakai miyo'usenu"
"el se reia","asirajapüshi niakai"
"lo hizo el","naainjaala niakai"
"lo logro","naainküin"
"lo hizo","naainjaala"
"esta sin blanca","nnojotsü nüma kasuwo'uka"
"esta arruinado","nnojotsü kasa nüma'ana"
"el es cruel","niakai mojulashi"
"ve al sur","pu'unaa uuchimüin"
"helo aqui","anii nia"
"aqui esta el","aniisa niakai"
"aqui vamos","chairü waya"
"hey calmate","piakai pimalawaa"
"encantador","anashatasü main"
"es una preciosidad","anachonkai main saa'in"
"que tragico","alütaleesa"
"rapido a casa","mayaa cha miichipa"
"lo admito","aa taya tayakai"
"comi arroz","eküshi taya roo"
"yo lo rompi","tasolojüin"
"yo puedo ayudar","eesü süpüla takaaliijün"
"puedo saltar","eesü süpüla tawatüin"
"se leer","atijüshi taya aashaje eraa"
"solte una risita","tajütüin tasirain"
"lo dudo","nnojotsü toonoin amaa"
"como aqui","eküshi ya'aya"
"yo como aqui","eküshi taya ya'aya"
"yo como carne","eküshi taya asalaa"
"envidio a tom","tachumujüin tom"
"lo envidio","tachumujüin"
"me siento viejo","laülaasü taa'in"
"me puse enfermo","ayuuishi taya"
"lo he cogido","ani taapain"
"lo supongo","shiataja eere"
"odio a tom","kanainshi taa'in tom"
"te detesto","kanainsü pia taa'in"
"tengo uno","ani waneeshi tama'ana"
"yo tengo uno","eesü waneeshi tama'ana"
"le ayudo","takaaliijüin pia"
"conoci a tom","te'raajüichipa tom"
"la conozco","te'raajüin"
"lo conozco","te'raajüichipa"
"ahora se","tatüjaaipaa aau"
"me agrada tom","kamaneeshi tamüin tom"
"me gusta el","tacheküin niakai"
"el me gusta","nia niakai tachekaka"
"me agradas","kamaneeshi pia tamüin"
"permaneci","yaashi waneepia"
"yo lo amo","tamürajüin main"
"lo amo","tamürajüin"
"te quiero","tacheküin pia"
"te amo","tamürajüin pia"
"os amo","tamürajüin jia"
"necesito a tom","cho'ujaashi tamüin tom"
"necesito hielo","cho'ujaasü yeelo tamüin"
"objete","asouktüshi taya"
"prometi","müshi taya"
"yo me acuerdo","sotüipa taa'in"
"lo recuerdo","sotüsu taa'in tia"
"me sentaba","aikkalapünashi taya"
"vi eso","te'rüin tia"
"veia eso","te'rapüin tia"
"los veo","te'rüin jaya"
"las veo","te'rüin jia"
"dispare a tom","teitüin tom"
"sobrevivi","kataa o'uyülia"
"eso creo","shiaya saa'in tamüin"
"vomite","eetüshi taya"
"quiero a tom","tacheküin tom"
"quiero uno","tacheküin waneeshi"
"quiero una","tacheküin waneesia"
"yo quiero uno","tekei tacheküin waneeshi"
"era el ultimo","achiiruajapüshi"
"llegue tarde","antüshi taya mapan"
"yo estaba enferma","ayuupünashi tayaka"
"yo hago ejercicio","aainjüshi taya jetsisa"
"yo lo escribi","ashajüshi taya"
"estare bien","aneechi taya"
"lo hare yo","taainjerü tia"
"lo hare","taainjerü"
"soy un heroe","katsüinshi taya"
"soy un mentiroso","a'ala taya"
"soy gemelo","senkeyuushi taya"
"yo soy mejor","anamiashanashi taya"
"estoy comprando","ayalajüshi taya"
"soy torpe","malashi taya"
"ahi voy","cha'aichi taya"
"estoy comiendo","ekaashi taya"
"soy codicioso","kaünuurai taya"
"yo estoy escondido","ounjulaashi taya"
"me estoy moviendo","akutulaashi taya"
"soy normal","wayuulaa ne taya"
"estoy soltera","mamajünasü taya"
"estoy tan gorda","kaüsüüshatasü taya"
"lo estoy intentando","too ulaküin waneepia"
"me estoy esforzando","too'ulakashatüin"
"tengo doce","eesü tama'ana po'loo piamamüin"
"he comido","eküichipa taya"
"ignora a tom","nnojo poonoin nümaa tom"
"es grande tom","miyo'u chii tom"
"tiene calor tom","walatsüshi tom"
"esta fuera tom","chasii anooipa'a tom"
"es alto","yaletüshi"
"es gratis","maliasat"
"es seguro","pansaasü"
"acaso es asi","müinjatüche eera paashin"
"es asi","müinjatü maaya"
"es este","nia chi"
"eso pasa","alataapüsü tia"
"es de tom","najüin tom"
"esta vivo","kataa o'uchi nia"
"esta vacio","malu'usat"
"esta verde","türaa wüittüsü"
"es magia","kapülainsü"
"es de noche","aipa'asü"
"ha anochecido","aipa'ajasü"
"es blanco","kasuutolu"
"jesus lloro","jesus a'yalajüshi"
"tomen notas","jashajaa jaapajaka"
"guarden silencio","ko'utaa jia"
"mantenganse quietos","jimataa jaya waneepia"
"vamos a charlar","joo'uya yootai waya"
"besemonos","joo'uya wachu'laai"
"cantemos","joo'uya wee irajaai"
"nademos","joo'uya washuunajaai"
"votemos","waneekaajai"
"caminemos","waraittaai waya"
"levantalo","püyaleraa"
"mira de nuevo","pirakawaa suchukua'a"
"mire de nuevo","piraka suchukua'a"
"miren de nuevo","jirakawaa suchukua'a"
"miren hacia adelante","jiraka palajana"
"contemplalo","piraja nia"
"miranos","piraka wamüin"
"buscalo","püchajawaa"
"el amor dura","tü aiwaa apüla kakaliaasü"
"mama lloro","a'yalajüsu maachon"
"sin comentarios","nnojotsü kasa tanüikintü"
"no hay problema","nnojotsü kasachiki sünainje"
"por favor sentaos","jaikkala paala"
"reemplazadlo","pü wanajawaata"
"sonria","püsirajaa"
"es vieja","laülaairü"
"ella esta ocupada","shiaka nnojotsü eein"
"canta","pi'rajaa"
"huele esto","keejuusü"
"ole esto","paataa eejuu tüü"
"empieza aqui","pu'ttaa ya'aya"
"no te duermas","nnojo putunkaai"
"mantente cerca","yaa pia pejeepunaa"
"deja de mentir","nnojo puküjain pa'alain"
"deja de bolacear","nnojo puküjain alawaa"
"toma un bus","paapan wanee e'ejena"
"toma notas","pushajaa saa'u"
"quedate con estos","makataa pia namaa"
"eso duele","tia aiisu"
"eso valdra","eejerü anain"
"con eso vale","süka tia anasü"
"esa es ella","shia shiaka tia"
"es ella","shia shiaka"
"ese es el","nia niakai chia"
"eso le pertenece","nunüin türaa"
"esta mojado","chü'lüipa"
"enga aron","emeejunashi"
"hicieron trampas","emeejawaa natuma"
"se quedaron","makatusuirü"
"se mantuvieron","yalashi waneepia"
"lo intentaron","noo'ulaküin"
"ellos votaron","naneekain nayainu"
"votaron","naneekain"
"ellos estan dentro","chashii naya paülü'ü"
"ellas estan dentro","chasü shiakaliru paülü'ü"
"ellos se apuntan","yainjani wamaa nayainu"
"hemos llegado","antüshi waya"
"esto es todo","tüü shia supüshua'a"
"este es","nia chii"
"esto funciona","tüü aneerü"
"esto trabaja","tüü maka a'yatasü"
"esto valdra","aneerü tüü wapüleeru"
"esto me basta","kerasü suma tüü"
"el tiempo vuela","kaalapüshatsü tü ka'ika"
"tom convino aquiescente","aa müshi tom süpüla tia"
"tom me mordio","nojottüin taya tom"
"tomas eructo","eeinashi tomas"
"tom llamo","ounekaashi tom"
"tomas hace trampa","tomas aainjüshi ata'ülaapüleru"
"tomas bailo","ayonnajüshi tomas"
"tom baila","ayonnajüi tom"
"tom lo hizo","naa'intüin tom"
"tomas conduce","tomas nülüjüintu"
"tom reprobo","a'ülüjiraashi tom"
"tom fracaso","isaasü nüchiki tom"
"tom me golpeo","nü'yaatüin taya tom"
"tom es grande","miyo'u tom"
"tom esta malo","mojulashi joolu'u tom"
"tom es nuevo","jekechi tom"
"tom es raro","waneejaishatashi tom"
"tom es viejo","laülaashi tom"
"tom ha salido","ajuittüshi tom"
"tom salto","awatüshi tom"
"tom miro","eirakashi tom"
"tom asintio","tom oonoshi sümaa nanüiki"
"tom obedecio","oonoshi tom"
"tom se detuvo","asha'walaashi tom"
"tomas telefoneo","ataleepanajashi tomas"
"tom rezo","oorajüshi tom"
"tom rezaba","oorajapüshi tom"
"tom me vio","niirüin taya tom"
"tom ronca","kookoloinshi tom"
"tom charlo","aashajashi tom"
"tom camino","waraittüshi tom"
"tom trabajo","a'yatapünaashi tom"
"tom bostezo","ajujaashi tom"
"tom morira","ouktuinjachi tom"
"tom pagara","a'walaajüinchi tom"
"tom es sordo","mache'esai tom"
"tom es rapido","kaalapüshi tom"
"tom es libre","taashiisü tom"
"tom es feo","kashüülaashi tom"
"mala suerte","mojusü nukuwaippa"
"que mala suerte","mojushatasü nukuwa'ipa"
"fue divertido","eesü talatawaa"
"era divertido","talataapüsü"
"mire esto","piiraja tüü"
"miren esto","jiiraka tüü"
"somos hombres","toolo waya"
"compramos cedes","ayalajüüshi cds"
"nosotros podemos pagar","eesü süpüla wawalaajüin"
"podemos probar","eesü woo'ulaküin"
"podemos ganar","eesü süpüla wakanajüin"
"nos divertimos","talatüshi waya"
"nos reimos","asirajüshi waya"
"lo hicimos","waainjüin"
"debemos irnos","cho'ujaa o'unuin waya"
"vimos a tom","werüin tom"
"te vimos","werüin pia"
"te veiamos","weraapüin pia"
"haremos la comida","waainjüin tü ekülüüka"
"fracasaremos","nnojolerü wainküin anain"
"ayudaremos","wamüliajenni"
"nosotros ayudaremos","wamüliajenni naya"
"echaremos la mano","wakaaliijaintü naya"
"cantaremos","ee'irajaanni waya"
"esperaremos","wa'atapajerü"
"nosotras esperaremos","wayakaninnu wa'atapajerü"
"trabajaremos","a'yatainjani waya"
"estamos de vuelta","ale'ejüshi waya wachukua'a"
"estamos ocupados","küpaashi waya"
"tenemos frio","akurutshi waya"
"estamos a mano","keraipa tü maka"
"estamos aca","anii waya"
"estamos perdidos","amüloishi waya"
"somos pobres","müliaashi waa'in"
"estamos hartos","külajasü waa'in"
"somos debiles","matsüinshi waya"
"pero que dia","anaakai saa'in ka'ika"
"que me cuentas","kasa eeka achikua'a"
"donde estoy","jalaashi taya"
"en donde estoy","jalaashi taya yaa"
"quien grito","jarai a'waataakai"
"quien esta aqui","jarai yaaka ya'aya"
"la madera arde","tü wunu'uko jotusu"
"podes irte","pu'unaa maala"
"fallaste","isaasü püchiki"
"eres grande","miyo'u pia"
"estas grande","miyo'uipa pia"
"estas triste","mojukai paa'in"
"todo esta correcto","lotusu süpüshua'a"
"esta usted loca","mamainnaakai pain"
"esta usted loco","jaashichikai pain"
"eres nuevo","jekechi pia"
"eres nueva","jeketü pia"
"sed creativos","atüjaainjachi aainjaa kasa anasü"
"se clemente","kamaneinchi pia"
"estad preparados","yapaainjani jia"
"sed razonables","pansaainjatü tü jikiirüka"
"especifica mas","pütijaashatüinjatü"
"se exhaustivo","shiashatüinjatü"
"se tolerante","pu'ulainjatü tia"
"estate vigilante","yaalainjachi pi'rajüin saa'u"
"estate atento","julüüjüntu paa'in"
"puedo comenzar","eesü süpüla o'ttaa"
"revisalo de nuevo","püüsana suchukua'a"
"sube a bordo","po'otowaa saa'u"
"vengan a verme","juuntaa jirajai taya"
"cociname","pü'lakaja tamüin"
"cocina para mi","pü'lakaja ma tamüin"
"cuenta conmigo","yaleechi taya maa"
"ha muerto tom","ouktuichipa tom"
"hazlo al ratito","paa'inraa yaaülerü"
"no lo hagan","nnojo jaa'inrüin"
"no entres","nnojo pükerotüin"
"no entre usted","piaka nnojo pükerotüin"
"no sonrian","nnojo jasirajüin"
"terminen esto","jaja'lajeera türaa"
"lanza una moneda","pujutaa wanee neerü"
"vistete","pa'anawaa ma"
"vestite","pa'aneera ma"
"ve y descubrelo","pu'unaa jee pünterü shi anain"
"ve por ayuda","püchajaa kaaliiwa"
"ve por delante","pu'unaa wapüleerua"
"ve recto","lotoo pia"
"ve por ahi","pu'unaa cha'aya"
"ve por alli","pu'unaa sa'aya"
"vayanse a dormir","ju'unaa jutunkaai"
"anda con tom","chaa nümaa tom"
"toma un asiento","püikkalaa paala"
"da un vistazo","pünalayaa paala"
"tome asiento","püikkalaa"
"el sabe nadar","atüjaashi niakai ashuunajaa"
"el lo encontro","nüntaa anain niakai"
"el se escapo","a'luwatashi niakai"
"el tiene agallas","yalayashatashi niakai"
"el nos ayuda","nakaaliijeni waya niakai"
"el esta solo","nimüiwa'ashi"
"es feliz","talatshi"
"el esta feliz","talatshi niakai"
"el es odiado","kanainshi naa'in niakai"
"el es asqueroso","yarüttüshi niakai"
"el da grima","nnojotsü tacheküin nia"
"el esta cansado","mapüsaashi niakai"
"el es joven","jima'au niakai"
"el se levanto","atamashi niakai"
"el es pajero","a'ala ne niakai"
"esta fingiendo","a'alawaa tü naa'inraka"
"el esta delgado","aürütshi niakai"
"el es fuerte","katsüinshi niakai"
"aqui vengo","ani taya antüin"
"ya estoy aqui","ani taya"
"aqui esta ella","anuu shiaka"
"que curioso","kasanarai ma'i pia"
"soy cocinero","a'lakajüi taya"
"soy un monje","monje tayakai"
"estoy mejor","anaaichipa taya"
"lo compre","tayalajüin"
"quede ultima","chiiruajatü taya"
"puedo compartir","eesü teitajüin"
"no puedo decir","nnojo taküjüintü"
"confese","püküjaa maa"
"lloro mucho","a yalüshi ma i taya"
"ahora conduzco","amaanejajechi joolu u"
"como pan","ekaashi taya pan"
"noto frio","saamatüipaa ya'aya"
"tenia frio","akurutshi taya"
"me senti estupido","malaakai taa in"
"senti eso","too ulaaküin tia"
"encontre un trabajo","tantüipa anain wanee a yatawaa"
"me emborrache","eperüshi taya"
"tuve que ir","o unushi taya chamüin"
"odio los gatos","ta ürülasü na muusaka"
"odio la leche","ta ürülasü tü leechika"
"odio la arena","ta ürülasü tü mmaka"
"tengo gota","eesü tamana sonojia"
"traigo noticias","antitshi taya achikü"
"tengo vino","eesü wina tamana"
"yo escucho eso","taapajüin tia"
"contrate a tom","taneekaain tom"
"los conozco","tayaawatüin naya"
"esto lo se","tü maka tatüjaa aa u"
"conozco esto","te raajüin tia"
"me gusta eso","tacheküin tia"
"me gustan","tacheküin"
"amaba a tom","tachekapüin tom"
"amo la vida","tachekashaatüin kataa a'u"
"amo las matematicas","tacheküin matematika"
"la amaba","tachekapüin"
"lo extra aba","mojusü taa in naali"
"necesito efectivo","cho ujasü nnerü sulu u karaloukta"
"necesito esto","cho'ujaasü türa tamüin"
"necesito tiempo","cho'jaasü akalia tapüleerü"
"yo nunca gano","nnojorüleshi taya akanajüin"
"leo labios","aashaje'etshi taya eimata"
"dije que alto","püsha'wala müshi taya"
"yo dije eso","tamüsü tia"
"vendo autos","oikkaashi taya e'ejena"
"confio en ti","ataralashi taya pümaa"
"quiero mas","chee soo'omüin"
"los quiero","tacheküin jia"
"las quiero","tacheküin jaya"
"estaba despierto","yalajachi kataa o'u"
"estaba aburrido","yalajachi akulajain taa'in"
"estaba borracho","yalajachi epe'rüin"
"estaba despedido","ojutunüichipa taya"
"tuve suerte","anasü takuwa'ipa"
"yo era ingenuo","nnojotpüsu tatüjain aa'u"
"estaba desnudo","yalajachi maichein"
"yo tenia razon","tamatüjüt"
"estaba cansado","yalajachi mapüsain"
"yo tambien fui","ja'itaichi tekei o'unushi"
"gane otra vez","akanajüshi taya tachukua'a"
"trabajo aqui","a'yatashi taya ya'aya"
"lo probare","too'ulaaküintü"
"soy panadero","aainjüi taya pan"
"soy un perdedor","amüloulii ma'i taya"
"soy una perdedora","amüloulüü ma'i taya"
"soy mujer","jiet taya"
"estoy desconcertado","ainku aa'in"
"estoy bailando","oyonnaajüshi taya"
"estoy emocionada","talatüsü taya"
"estoy ayunando","aamüjaashi taya"
"soy quisquilloso","kaünürai taya"
"soy fraile","fraile taya"
"estoy enamorada","kamürajüinsü taya"
"estoy inquieto","jiwa'ataatshi taya"
"estoy saliendo","ajuittushi taya"
"soy neutral","lotoo aa'in taya"
"no soy gorda","nnojotsü kaüsüüin taya"
"no estoy viejo","nnojoishi taya laaülaain"
"estoy mentalizado","tekiirüsu taya"
"estoy leyendo","aashaje'etshi taya"
"estoy descansando","eemerashi taya"
"soy egoista","je'iyeei ma'in taya"
"estoy tan lleno","emiraaleshi taya"
"estoy atrapado","ata'küshi taya"
"tengo mala suerte","nnojotü anaain takuwa'ipa"
"estoy esperando","a'atapajüshi taya"
"estoy preocupada","ashapatüsu taa'in"
"ignoralos","mache'e pia suulia"
"ha acabado tom","aja'ttusu nutuma tom"
"tom es bueno","anamiaa tom"
"esta aqui tom","anii tom ya'aya"
"esta el bien","anaashi niakai"
"se encuentra bien","anaaichipa niakai"
"para llevar","süpüla alü'üjaa"
"esta ventoso","jouktaishatasü"
"es ese tom","nia chira tom"
"es eso nuevo","jeketü türa"
"esto es nuevo","jeketü tüü"
"costo dolares","tolarü sülia"
"paso","ala'tüsü"
"eso sucedio","shia ala'taka"
"yo invito","touneküin jia"
"podria nevar","eesü ajuttüin niewe"
"me salvo","o'tte'erüshi taya"
"fue real","shiimüin ma'i"
"son yenes","yen saa'u"
"es lunes","luune'ulu so'uka'i"
"es un pez","wanee jime türa"
"es un arpa","wanee atpa türa"
"es un quilombo","wanee kilompa tia"
"es una normativa","wanee sukuwa'ipa"
"es un vicio","nümalain ne'e tia"
"todo bien","anaashi"
"esta estropeado","yülüipa tia"
"hace fresco","saamatuisu"
"se esta fresquito","saamatuisu ma'i"
"esta nublado","sirumasu"
"es normal","ale'ei tia"
"no somos nosotros","nnojoishi wayain"
"sigue moviendote","punsülaa soo'omüin"
"dejame ayudar","chee takaaliijai"
"hazmelo saber","püküjaa tamüin"
"dejame vivir","pu'ula kataa o'u taa'in"
"hagamoslo","joo'uya waainjai"
"entremos","joo'u wekerotai"
"vamos para arriba","joo'uya iipünaa"
"vamos al guateque","joo'u guatequemüin"
"festejemos","joo'u talatai waa'in"
"relajemonos","jimataa ne'e waya"
"mira a tom","punajaa nümüin tom"
"busca","puchajawaa"
"haz una lista","paainjaa wanee anüliaamaajatü"
"pide un deseo","puchuntaa tü püchekaka"
"justo a tiempo","pansaasü ka'ika"
"ninguno acudio","nnojotsüirua antüin"
"nadie mintio","nnojotü jarai aküjain alawaa"
"ahora estoy triste","mojusü taa'in joolu'u"
"ahora ayudame","pukaaliijaa taya joolu'u"
"ahora resiste","püchechera paa'in joolu'u"
"ahora callate","koutaa pia joolu'u"
"uno es azul","wanee wüittüsü"
"una es azul","wanee'ya wüittüsü"
"canta por favor","pi'irajaa analüü putuma"
"por favor quedense","makaata jaya"
"parate un momento","püsha'wala motsamüin"
"bajalo","püshakateraa"
"liberale","taashii pukuwa'ipa"
"deci adios","maa aja"
"nos vamos","o'unaa wamüin"
"ella lo mordio","sojottüin shiaka"
"ella esta muerta","ouktusu shiaka"
"ella se desperto","achijirasü shiaka"
"muestrame como","pii'iyataa jamül'u'u"
"a un lado","püsutnaa"
"dejad sitio","püsutnaa yaaje"
"empieza otra vez","paainjaa suchukua'a"
"sigue haciendolo","ayataa putuma"
"quieto ahi","jimataa pia yaala"
"deja de moverte","jimataa nnojo pukutulain"
"deja de intentarlo","pu'ula tia"
"saque una carta","piyu'laa wanee katta"
"saca una carta","pi'yulaa wanee katta"
"llevate mi coche","pülü'üja te'ejena"
"habla con tom","paashaja numaa tom"
"eso ayudo","akaaliijasü tia"
"eso funciono","shia shiimainka"
"ya ha pasado","alatüipa"
"ahi estan","nasa naya"
"son ellos","nayai"
"son esos","shia türairü"
"alla esta","cha'asa nia"
"llamaron","ounekashi"
"bailaron","ayonnajüshi"
"lo hicieron","naainjala"
"se abrazaron","oko'ojüshi nayainü"
"se besaron","ousirajusu"
"obedecieron","oonoshi namaa"
"me veian","ni'rapüin taya"
"esperaron","a'atapajüshi"
"ellos caminaron","waraittüshi nayainü"
"pasearon","apasiajashi waya"
"ellos gritaron","a'waatüshi naya"
"son malos","mojulashi naya"
"estan malos","mojulashi joolu'u"
"son nuevos","jeketü naya"
"estan nuevas","jeketüyulia"
"son ancianos","laaülaasuirua"
"estan mayores","alaaülaaipa"
"este es tom","chi nia tom"
"eso es malo","mojusu türa"
"esto es hielo","yelo türa"
"esto apesta","jawaisü ma'i"
"tom se sonrojo","ishoojashi tom"
"tom cambio","a'wanajashi tom"
"tom vario","a'wanajaashi nukuwa'ipa tom"
"tomas hizo trampa","tomas aainjüshi türampa"
"tom se estrello","pasiruashi tom"
"tom decidio","aneeküichipa tom"
"tomas se ahogo","wüinsirashi tomas"
"tom escapo","a'luwatashi tom"
"tom espiro","nüsalalu'uin naa'in tom"
"tom tiene doc","eesü wanee doc nüma'ana tom"
"tom inhalo","aatüshi eejuu tom"
"tom es calvo","moikiishi tom"
"tom esta pelon","ma'walasai tom"
"tom esta tranquilo","jimatüshi tom"
"tom esta lleno","emirashi tom"
"tom es perezoso","jawa'awaashi tom"
"tom es amable","kamaneshi tom"
"tomas es pobre","müliashi tomas"
"tom es alto","yaletüshi tom"
"tom es ordenado","lotüsu naa'in tom"
"tom esta debil","matsüinshi tom"
"tom se arrodillo","nusapainshi tom"
"tom escucha","aapajushii tom"
"tom se nego","nnojo müshi tom"
"tom se relajo","jimajimatshi tom"
"tom se relajaba","jimatapüshi tom"
"tom se resbalo","achü'üchajaashi tom"
"tom estornudo","ashoujüshi tom"
"tom ense a","ekirajüshi tom"
"tomas era mayor","epayakai nia tomas"
"tom estaba triste","mojupusu naa'in tom"
"tom esta alerta","eesü naa'in tom"
"tom esta solo","nimüiwashi tom"
"tom esta despierto","achijiraichipa tom"
"tom esta aburrido","akulajasü naa'in tom"
"tom esta borracho","epetshi tom"
"tom llega temprano","aantechi tom maalü"
"tom es alegre","talatai ma'i tom"
"tom es estupendo","kamaneshi ma'i tom"
"tom es joven","jima'ai tom"
"pruebate ese","pu'ulaka türa"
"pruebate este","pu'ula tüü"
"esperame","pa'atapajaa taya"
"espera por mi","pa'atapajaa ne'e taya"
"estuvo bueno","anaakua'ipalün"
"todos trabajamos","a'yatashi waya wapüshua'a"
"comimos huevos","ekaashi waya sushuku katiou"
"lo dejamos","oo'ulashi waya"
"rompimos","oo'ulawa tüü"
"podemos ayudar","wakaaliijein jia"
"nosotros podemos ayudar","eesü süpüla wakaaliijain"
"podemos encontrarnos","eesü waantirai"
"podemos vernos","eesü we'rejirai"
"nos perdimos","amülouishi waya"
"el nos agrada","kamaneshi wamüin niakai"
"nos gustas","wacheküin piakai"
"amamos a tom","aishi wapüla tom"
"te extra amos","mojusü waa'in püchiirua"
"hay que actuar","waa'inramatai shia"
"tenemos que correr","joo'u wawatai"
"te necesitamos","cho'ujaashi pia wamüin"
"lo prometimos","wamüipa tia"
"nos acordamos","sotüsu waa'in"
"nos recordamos","sotüipa waa'in"
"nos sentamos","joo'uya waikkalai"
"estaremos bien","anenni waya"
"nosotros conduciremos","wo'unirajerü e'ejenaka"
"estamos aburridos","akulajasü waa'in"
"lo sentimos","mojusü waa'in saa'u"
"somos gemelos","senkeyuushi waya"
"somos jovenes","jima'aili waya"
"que burro eres","püliikü ma'i pia"
"que burro","püliikü ma'i"
"que pendejo","malashi ma'i"
"que imbecil","malakai paa'in"
"que perdida","amülouwa tüü"
"que mugre","yerüttakatchen"
"que confusion","maa'awashi"
"que ego","pülaawata aa'in"
"que esta bien","kasa anasü"
"donde esta el","jalashi nia yaa"
"donde esta tom","jalashi tom"
"quienes sois","jaralii jaya"
"quien vitoreo","jarai talatakai ma'i"
"quien lo dibujo","jarai ayaakuajakai"
"quien te vio","jarai e'raaka pia"
"quien va primero","jarai palajainchikai"
"quien va","jarai o'unajachi"
"iras","o'uneshi pia"
"ponlo por escrito","pi'ita sulu'u ashajüshi"
"si lo se","aa tatüjaa aa'u"
"hizo trampa","aainjüshi türampa"
"te desmayaste","ouktapünashi pia"
"se desmayo","ouktapünashi"
"quedatelo","paapa maa"
"ya me conoces","pii'rajüichipa taya"
"lo has conseguido","pantüipa anain"
"lo habeis logrado","püshatüipa"
"asi exactamente asi","mayaa müinjatü mayaa"
"ya has vuelto","yaaichipa pia"
"sos un langa","tooloshatasü paa'in"
"ustedes estan bien","anatashi jia"
"eres libre","taashii'ipa pia"
"eres buena","anamiaa piaka"
"eres mezquino","kaünürai ma'in pia"
"tu eres mio","tamüin pia"
"estas a salvo","o'ttawashi pia"
"estas enfermo","ayuuishi pia"
"estas debil","matsüinsü paa'in"
"abandonen la nave","jojuitta sulu'uje tüü e'ejenaka"
"estoy invitado","ounekajaanüshi taya"
"nada nuevo","kasa eeka jeketü"
"estas tu calvo","moikiishi jo pia"
"eres calvo","moikiishi pia"
"esta usted ocupado","küpaashi piakai"
"tienes frio","akurutshi pia"
"estas muerto","ouktüshi pia"
"eres sordo","mache'esai pia"
"acaso eres sordo","mache'esai eera pia"
"estas libre","taashisü pia"
"estas lleno","emirashi pia"
"estais seguros","pansaaipa jia"
"ten confianza","poono sümaa"
"ten seguridad","poono ma'in"
"se despiadado","mojulaa paa'in"
"sean objetivos","lotoo janüikika"
"se realista","pi'raja tü shiimainka"
"ten paciencia conmigo","nnojo jakülajaain tamaa"
"se paciente conmigo","nnojo pükulajaain tamaa"
"ternera por favor","anneerü analu'ut putuma"
"hierve un huevo","poolojoopa wanee ashuku"
"hazle pasar","maa nümüin nülatai"
"trae mi sombrero","püsaaja tamüin takuwomain"
"llama al fbi","peenakaa na fbi"
"puedes venir","eesü süpüla püntüin"
"echale un vistazo","piraka motsamüin"
"compruebalo","püsanapan"
"ven cuando quieras","püntaa eepünai pünteein"
"ven alguna vez","püntaa soo'u wanee ka'i"
"suba aqui","püliikaja ya'aya"
"suban aqui","jaliikaja yaamüin"
"venga conmigo","jalaichi tamaa"
"ven con nosotras","jalairü wamaa"
"enfrialo","püsaamaterapan"
"ha llamado tom","ouneküshi tom"
"usted ayudo","eesü akaaliijain pia"
"ustedes ayudaron","akaaliijashi jaya"
"usted ayudaba","akaaliijapüshi piakai"
"firmaste","püshajüipa"
"firmaron","nashajüipa"
"luzco bien","anasü tashe'in"
"me veo bien","anasü pii'rüin taya"
"hazlo el lunes","paainja luune'ulu"
"lo conocen","ji'rajüin"
"bebe usted","asüi pia"
"usted fuma","eesü akamüjain pia"
"fumas","akamüjashi pia"
"tu roncas","eesü kokolooin pia"
"se nota","jayaasü"
"funciona eso","eesü anain türa"
"no seas timida","nnojo japülin piaka"
"no tengas pena","nnojo japülin ma'in pia"
"no te sueltes","nnojo püjütain achikü"
"no divagues","piimala tü pikiirüka"
"conduce mas rapido","püwate'era soo'omüin"
"conduzca con cuidado","püwate'era jayatta'a"
"conduce lentamente","püwate'era jayattachon"
"examinen esto","jünajaa tüü"
"lucha o muere","eejira paa'in otta eesü ouktüin pia"
"encuentra al gato","püchaja chi muusakai"
"encuentren al gato","jüchaja chi muusakai"
"trae el libro","püntiraa tü karalouktaka"
"consigue el libro","püchaja tü karalouktaka"
"recoge el libro","püyaleraa tü karalouktaka"
"traiga el libro","püsaaja tü karalouktaka"
"recoja el libro","püyalera'ma tü karalouktaka"
"anda para arriba","pu'una chaamüin iipünamüin"
"los fantasmas existen","na yolujakalirü shiimüin"
"denme la mitad","eesü jaapain tamüin shiatapünaa"
"dadme la mitad","jaapaa tamüin shiatapünaa"
"denme tiempo","jaapaai ka'i tamüin"
"ve adentro","pu'una paülü'ümüin"
"feliz pascua","anakuwa'ipa paskua"
"toma una rosquilla","paapan wanee kayeta"
"comete una rosquilla","pikaa wanee kayeta"
"ten un trago","ani wanee asüüshi"
"come botana","pikaa wanee eküülü"
"tome otra","paapa maa wanee"
"se valiente","toolo paa'in"
"sed valientes","toolo jaa'in"
"el me evita","yüütüshi nia to'ulia"
"el grito","kookokuu müshi"
"el lo nego","je'iyeeshi saa'u"
"se quedo dormido","atunkaleshi"
"el se enfado","jashichishi niakai"
"tiene un perro","eesü nümaa wanee erü"
"la ayuda","tü akaaliijaa"
"esta enfadado","jashichishi"
"esta de morros","nnojoishi japüliin"
"el esta motivado","eeshaatasü naa'in"
"el lo pateo","nüshe'etüin niakai"
"me dejo ir","nüpütüin to'unuin"
"el fue humillado","eme'erainpalashi niakai"
"el quedo mal","mojuakuwa'ipa naainjala niakai"
"el perdio prestigio","amülouisu naalin niakai"
"el la queria","aipüsü shiakai nümüin"
"el la quiere","aisü shiaka nümüin"
"corre rapido","püwatawaata"
"el estaba solo","nümüiwapüshi niakai"
"el era valiente","toolopüshi naa'in niakai"
"el era ingenuo","matüjainpüshi niakai"
"el estaba equivocado","o'tchejapüshi amaa niakai"
"esperara","oukajainchi"
"es un fanatico","oushikai achiirua kasa"
"el es ninja","ninja niakai"
"esta sufriendo","müliasü naa'in"
"toma un boli","paapan wanee woli"
"que pesado","keke'erai ma'in"
"que incordio","katnürai ma'in"
"que hincha pelotas","katnürakatchen naya"
"que arrogante","katnüralii ma'in"
"como te atreves","jamüsü maka'a painjala"
"que horrible","kashüülasu ma'in"
"que romantico","araatonkai ma'in naa'in"
"admiro a tom","meeshi taya müinka naa'in tom"
"estoy rezando","oorajüshi taya"
"me disculpe","tachuntüin analüü"
"comi manzanas","eküshi taya mansana"
"yo comi manzanas","eküichipa taya mansana"
"llame a tom","tounekain tom"
"yo puedo arreglarlo","eesü süpüla tanouktain"
"no puedo cantar","isasü tachiki ee'irajaa"
"no puedo parar","isasü tachiki tasha'walain"
"no se nadar","nnojoishi taya atüjain ashuunajaa"
"no puedo hablar","isasü tachiki aashajawaa"
"no puedo caminar","isasü tachiki waraitta"
"podria caminar","eesü süpüla waraittüin taya"
"me corto","nü'yoton taya"
"yo no pregunte","nnojoishi taya asakirain"
"no menti","nnojoishi taya aküjain alawa"
"no pague","nnojoishi taya awalaajüin"
"no me importa","majutsalii tapüla"
"lo desconozco","nnojotsü te'rajüin"
"yo no canto","nnojishi taya ee'irajüin"
"tome leche","püsaa leechi"
"he bebido leche","asüichipa taya leechi"
"yo bebi leche","asüshi taya leechi"
"vine conduciendo","to'unirüin tüü te'ejenaka"
"conduje hasta aqui","to'unirüin te'ejenaka yaamüin"
"yo como queso","eküshii taya keesü"
"me siento debil","matsüinsu taa'in"
"me sentia aturdido","maa'awapünashi taya"
"los encontre","tantüipa anain jia"
"las encontre","tantüipa anain jaya"
"me pidieron identificarme","nachuntüin tamüin tachiküaje"
"me atracaron","a'luwajünushi taya"
"yo tenia dudas","nnojotpüsu tanoujain namaa"
"tenia que probar","cho'ujaasü too'ulaküintü"
"detesto las habas","nnojotsü tacheküin tü awakas"
"odio las moscas","kanainsü ta'in tü ja'yumulerü"
"odio la opera","nnojotsü tacheküin tü opeeraka"
"odio el sushi","nnojotsü tacheküin suushika"
"tengo un gato","eesü tamana wanee muusa"
"tengo un perro","eesü tamana wanee erü"
"tengo una llave","eesü tamana wanee yaawe"
"tengo una pluma","eesü tamana wanee amülira"
"tengo un boligrafo","eesü tamana wanee ko'okiishajia"
"tengo dinero","eesü tamana nneerü"
"debo ir","o'unuinjachi taya"
"yo escucho musica","aapajüshi taya jayeechi"
"espero ganar","ta'atapajüin takanajüin"
"la abrace","ako'ojoshi taya sünain"
"acabo de mudarme","eiwalii taya okolojoin"
"hice una apuesta","sheitüichipa taya"
"necesito un abrazo","cho'ujaasü okoojünain tanain"
"necesito una siesta","cho'ujaasü tatunkai paala"
"necesito pintura","cho'ujaasü pintura tamüin"
"me falta pintura","acho'ujaasü pinturaka"
"yo necesito agua","cho'ujaasü wuinka tamüin"
"te necesitaba","cho'ujaapüsu pia tamüin"
"yo te necesite","cho'ujaapünasü pia tamüin"
"leo frecuentemente","aashaje'etshi taya waneepia"
"leo libros","aashaje'etshi taya karaloukta"
"veo un leon","te'rüin wanee katnajapüi"
"dispare una pistola","tasoteerüin wanee riwoolü"
"hablo rapido","kawachirasü tanüiki"
"hoy nade","ashuunajüshi taya"
"quiero un perro","tachek in wanee erü"
"quiero dinero","keeireka taa'in nneerü"
"quiero pasta","keeireka taa'in pirewaa"
"quiero estos","tacheküin tüirü"
"quiero ir","o'uneeshiaje taya"
"tenia miedo","momoluushi taya"
"tenia sue o","atunkeshatasü taa'in"
"fui dos veces","piantua takua chapunaa"
"se lo preguntare","tasakirüinchi"
"hare eso","tainjerü tia"
"me arriesgare","too'ulaküintü"
"soy surfista","kashaittarai taya saa'uje wüin"
"soy camarero","kamarera taya"
"soy adulta","ataralüirü taya"
"soy adulto","ataralüichi taya"
"soy agente","anajülin taya"
"estoy dubitativo","nnojotkai saa'in pansaain"
"me estoy ahogando","wüinsirashi taya"
"tengo formacion","anü tamana kasachikimaajatü"
"estoy congelado","kunjelaashi taya"
"estoy helado","jemiaishatashi taya"
"me estoy helando","jemiaishatashi taya joolu'u"
"estoy de luto","lutaasü taya"
"soy ingenuo","matüjainsai"
"estoy vacilante","nnojotkai saa'in tatüjaa aa'u"
"estoy gravemente herido","e'ikashii taya"
"estoy en perth","ani taya perth"
"soy como vosotras","tayaka müsü müinka paa'in"
"soy nuevo aqui","jekechi taya ya'aya"
"no soy estupido","nnojoishi taya malain"
"no soy pobre","nnojoishi taya müliain"
"no soy rico","nnojoishi taya washirüin"
"no estoy enferma","nnojoishi taya ayuuliin"
"no soy alto","nnojoishi taya moyo'usenüin"
"estoy pintando","epintajüshi taya"
"estoy embarazado","ipuotshi taya"
"estoy preparado","keraichipa taya"
"estoy preparada","keraipa taya"
"soy inquieto","jiwa'atashi taya"
"soy intranquilo","meimalainsai taya"
"estoy tan solo","temüiwashi ma'in taya"
"soy tan feliz","talatshi ma'in taa'in"
"estoy tan cansada","mapüsasü ma'in taya"
"todavia estoy levantado","aniiya taya kataa o'uyüi"
"soy terco","chechekiichi taya"
"soy el mejor","anashikai ma'in taya"
"estoy pensando","jülüjüsü taa'in"
"soy concienzudo","tatüjashatüin aa'u taainraka"
"soy tolerante","anamia ma'in taya"
"soy muy gordo","kaüsüshatashi taya"
"soy muy gorda","kaüsüshatasü taya"
"estoy muy gorda","kaüsüleesü ma'in taya"
"estoy muy cachondo","kojuuashi ma'in taya"
"soy muy timida","japüisü ma'in taya"
"lo he perdido","amülouisü tatuma"
"esta tom curado","anaichipa tom"
"esta ahi tom","na yaalala tom"
"es un lobo","walirü tü maaka"
"eso es amor","amürajawa türa"
"es esto bueno","anasüche eera tüü"
"esto es vino","wino tüü"
"ha empezado","eeiwali naainjüin"
"comenzo","eeiwali naainrüin"
"no es nuevo","nnojotsü jeketüin"
"era negro","mütsiiyapüsü"
"fue repugnante","talerajashaatüin"
"fue magico","pülasü ma'in"
"yo no fui","nnojoishi tayain"
"salio bien","ojuittusu anain"
"se quemara","isheechi nia"
"eso sera divertido","talatapüsü tia"
"es una trampa","türampa tia"
"es para tom","nümüinjatü tom"
"es mi libro","takaralo'utase"
"es mi vida","takuwa'ipa tia"
"esta en llamas","chuwatüsün müinma"
"es nuestro carro","we'ejena tia"
"esta nevando","niewajüsu"
"esta demasiado caliente","jaishatasü ma'in"
"es demasiado vieja","laa'üllairü shiaka"
"solo espera","pa'atapaja ne'e"
"segui bailando","püyonnaajaa soo'omüin"
"sigue conduciendo","pümanejaa soo'omüin"
"sigue mirando","piiraka soo'omüin"
"sigan corriendo","jawata soo'omüin"
"sigue cantando","p'irajaa soo'omüin"
"sigan cantando","ji'irajaa soo'omüin"
"continuen cantando","ayataa ji'irajan"
"continua sonriendo","ayataa pia püsirajüin"
"segui caminando","waraitta pia soo'omüin"
"segui escribiendo","püshajaa soo'omüin"
"dejalo ir","pü'üla no'unuin"
"dejame hablar","pü'üla taashajai"
"dejame pensar","pü'üla jülüjaain taa'in"
"salgamos","joo'u wajuttai"
"escuchemos","joo'u waapajai"
"no vayamos","nnojo wo'unuin"
"la vida continua","ayatüinjatü katawaaka o'u"
"entro mary","ekerotüsu maari"
"mary es mona","moona tü maari"
"mary es mia","tamüin maari"
"maria es alta","miyo'usenü maari"
"continua tom","maaya tom"
"prosigue tom","maaya süchiirua tom"
"corten el cesped","jü'yoto tü mojuuika"
"nadie sabe","nnojotsü jaraliin atüjain"
"nadie se movio","nnojoishi jarai akutulain"
"nadie pregunto","nnojoishi jaralii asakirain"
"ahora dejanos","pü'üla waya joolu'u"
"ahora sentate","püikkalaa joolu'ukana"
"ahora proba este","pu'ulaka tü joolu'u"
"ahora prueba tu","pu'ulaka piakai"
"oh lo obtuve","atak toustaa anain"
"nuestro equipo gano","akanajashi wapüshikana"
"por favor marchese","analüü putuma pu'unaa yaaje"
"se alalo","pii'iyataa"
"abrela","püjutajapan"
"abrela del todo","püjutalaa supüshua'a"
"ponganlo alli","ji'itapan yalaya"
"ponlo ahi","pi'itaa saaya"
"corre y escondete","püwata otta punujulaa"
"avergüenzate","japüiimata pia"
"ella tiene vino","eesü wino süma'ana shiaka"
"ella nos ayuda","shiaka sükaaliijain waya"
"ella es feliz","talatsü ma'in shiaka"
"esta tranquila","jimatsü shiaka"
"ella esta equivocada","o'tchewasü shiaka"
"le gusto","nücheküin"
"ella nos quiere","eeshi waliin sümüin"
"le disparo","nüsoneerüin"
"ella se levanto","atamasü shiaka"
"ella le demando","aküjüsü achikü shiaka"
"muestrame eso","pii'i'yata tamüin tüma"
"ha venido alguien","na antüin wanee"
"alguien llego","antüshi wanee wayuu"
"quedense en casa","makataa jia miichipaa"
"quedate conmigo","makataa pia tama"
"deja de discutir","joloo pia suulia atkaawaka"
"deja de empujar","nnojo püjutaa achikü"
"deja de cantar","nnojo pii'irajain"
"deja de fumar","nnojo pükaijain"
"para el coche","püsha'waleera e'ejenaka"
"por favor parate","analüü putuma püsha'wala"
"felices sue os","anaalü putunkia"
"dulces sue os","analüü putunkia"
"tomate un descanso","pemeera'mata"
"llevatelo a casa","pülü'üjaa miichipamüin"
"llevatelo","pülü'üjaa"
"toma mi mano","paapa tajapü"
"tomate el bondi","püsaapan tü wondika"
"llevanos a casa","pülü'üjaa waya miichipamüin"
"cuentame mas","püküjaa soo'omüin wamüin"
"ese era tom","chiaa nia tom"
"eso fue malo","mojuulut tia"
"eso fue raro","wanejatkai saa'in tia"
"eso vale","kaliasü tia"
"con eso tengo","keraweechi taya süka tia"
"eso ayudara","eesü akaaliijain tia"
"durara","kakaliainjatü"
"eso durara","kakaliawerü tia"
"funcionara","a'yataweerü"
"eso funcionara","a'yataweerü tia"
"eso me valdra","aneerü tapüleerü tia"
"es un monton","mainmashanasü"
"es una locura","mamainnaawa tia"
"eso es cruel","kaünüralaa tia"
"es raro","waneejatü saa'in"
"ambos se fueron","o'unushi na piamaleyan"
"todos se sentaron","aikkalashi napüshua'a"
"aprueban","aa müsüirua"
"ellos aprueban","aa müshiirua"
"son grandes","miyo'usenü nayainü"
"entraron","ekerotüshi"
"ellas entraron","ekerotüshi nayainü"
"vitorearon","talatshi ma'inrua"
"tuvieron un accidente","pasiruashi nayainü"
"se escaparon","a'luwatashi naya"
"abandonaron","noo'ulain"
"se rindieron","napütüin"
"tiraron la toalla","noo'ulain tia"
"ellos nos odian","na'ürülashi ne'e waya"
"ellos nos ayudan","nakaaliijain waya"
"ellas nos ayudan","shiakaliru nakaaliijain waya"
"me conocian","ni'raajüipa taya"
"ellos me conocen","ni'raajüichipa taya"
"ellos nos conocen","nayakalirü ne'raajüipa waya"
"les encanta","nachekashatüin"
"lo adoran","nawajüin ma'in"
"ellos me aman","aisü taya namüin"
"ellos me necesitan","cho'ujaasü taya namüin"
"vieron a tom","ne'rüin tom"
"ellos te vieron","ni'rüin pia"
"pararon","ashawalashi"
"sudaron","kerashatashi"
"llamaran","nounekaainchi taya"
"ellos llamaran","naya ounekajaintü yaamüin"
"ellos vendran","antechi nayainü"
"lo sabran","natüjeerü aa'u"
"son chicos","tooloyuu naya"
"ellos son chicos","tooloyuu nayainü"
"son muchachos","tepichi naya"
"son huevos","ashuku tia"
"son rapidos","kaalapüshi naya"
"estan perfectamente","anashatashi naya"
"estan estupendamente","anashatashi ma'in"
"son buenos","anamia naya"
"se encuentran aqui","anii nayainü ya'aya"
"estan en casa","chaa nayainü miichipa"
"son mios","tamüinreya"
"son simpaticos","anachoinshi nayainü"
"son bonitos","anachoinshi"
"son ricas","washirü shiakalirü"
"son feos","kasüülashi naya"
"son debiles","matsüinshi naya"
"ellos han ido","o'unuichipa nayainü"
"ellas han ido","o'unuipa shiakaliru"
"esto es comida","eküülü tüü"
"esto es oro","ooro tüü"
"esto es vida","anaa akuwa'ipa tüü"
"esto es carne","asalaa tüü"
"esto es nuestro","wamüin tüü"
"esto es arroz","roo tüü"
"esto es feo","kasüülasü tüü"
"esto ayudara","akaaliijaintü tüü"
"esto funcionara","a'yatawerü tüü"
"tom comio pastel","ekaashi totta tom"
"tomas comio torta","ekaashi totta tomas"
"tom me aburre","akulajawaa aa'in chi tomkai"
"tom puede cocinar","eesü süpüla nü'lakajain tom"
"tom puede ayudar","eesü süpüla nükaaliijain tom"
"tom puede nadar","eesü süpüla nüshuunajain tom"
"tom se enrolo","ekerotüshi tom sunainmüin"
"tom termino","aja'lajashi tom"
"tom se encogio","joo'uchonjashi tom"
"tom tiene agallas","toolo naa'in chi tomkai"
"tom me odia","nünülasuu taya tom"
"tom insistio","ka'lainrai ma'in tom"
"tom es veterinario","weterinari chi tomkai"
"tom es valiente","toolo aa'in tom"
"tom es asqueroso","malerasai chii tom"
"tom es fiel","anamiata chi tomkai"
"tom anda bichi","maichekuu müshii tom"
"tom anda encuerado","amaichejashi tom"
"tomas es tranquilo","anamia ma'in tomas"
"tom es bajo","motsooshi tom"
"tomas tiene chispa","tütüshi ma'in tomas"
"tom esta equivocado","maawashi ne'e tom"
"tom me quiere","eisü taya nüpüla tom"
"tom escucho","naapüin tom"
"tom me ama","aisü taya nüpüla tom"
"tomas me necesita","cho'ujaasü taya nümüin tomas"
"tom nos necesita","cho'ujaashi waya nümüin tom"
"tom prometio","nia tom mapükai"
"tom lo prometio","mapükai tom"
"tom huyo","isashi tom"
"tom se aplaco","eimalashi tom"
"tom se apiado","nümüliajain tom"
"tomas renuncio","nuulain tomas"
"tomas le disparo","na'itüin tomas"
"tom le disparo","na'itüin tom"
"tom tartamudea","achecherawaisü nünüiki tom"
"tom balbucea","shiküleerasü nünüiki tom"
"tomas desaparecio","amülouishi tomas"
"tom estaba calvo","moikiipüshi tom"
"tom estaba perdido","amülouipünashi tom"
"tom fue ruin","mojulapüshi tom"
"tom estaba palido","nnojotsü ma'in naa'in tom"
"tom esta grogui","maawasü nikii tom"
"tom despierta","tom püchijiraa"
"confia en dios","ataralawa nümaa ma'leiwa"
"prueba la tarta","pu'ulaka tü tattara münaka"
"pruebate estos","pu'ulaka tüü pünain"
"voten por tom","janeekajaa taya"
"espera por tom","pa'atapajünchi tom"
"espera fuera","pa'atapaja anooipa'a"
"camina conmigo","waraitta pia tama"
"quieres una bebida","aseeshi pia wanee asüshi"
"lava el auto","po'lojoo tü e'ejenaka"
"pedimos disculpas","wachuntüin analüü saa'u"
"aplaudimos","wawaatüin wajapü"
"podemos hacerlo","eesü süpüla waainjüin"
"no podemos demandar","nnojotsü süpüla waküjain"
"no podemos ganar","nnojotsü süpüla wakanajüin"
"encontramos uno","wantaa anain waneeshi"
"nos preparamos","joo'u yapai waya"
"estabamos listos","yapashiaje waya"
"almorzamos","wamütsajai"
"tenemos algo","eesü kasa wamana"
"tenemos unos cuantos","na kojuyasü wamana"
"tenemos vino","eesü winaa wamana"
"sabiamos eso","eesiaje watüjaain saa'u"
"lo conociamos","we'raajapüin"
"sabiamos esto","watüjapüin saa'u tüü"
"sabemos eso","watüjaipa tia"
"conocemos esto","we'raajüin tüü"
"vivimos aqui","kepiashi waya ya'aya"
"los amamos","aishi jia wapüla"
"nos encanta esto","wachekashatain tüü"
"esto nos encanta","wacheekashatain tüü"
"queriamos a tom","wachekakaya tom"
"nos vimos hoy","e'rajiraashi waya so'uka'i"
"nos encontramos hoy","antirashi waya so'uka'i"
"necesitamos ayuda","cho'ujaasü akaaliijanüin waya"
"necesitamos mas","cho'ujaa soo'omüin wamüin"
"lo necesitamos","cho'ujaasü wamüin"
"dormimos demasiado","atunkashatashi ne'e waya"
"nos sentamos alli","waikkalai ya'aya"
"nos sentabamos alli","aikkalapüshi waya ya'aya"
"nos sentamos ahi","waikkalai saaya"
"lo conseguimos","wantaa anain"
"lo logramos","wasawatüin achirüa"
"estabamos heridos","e'ikaashi waya"
"estabamos lastimados","e'ikashatashi waya"
"saldremos","ojuittunjani waya"
"somos adultos","ataralashi waya"
"estamos mejor","anashiaje waya"
"somos mejores","waya anashiika yaaje"
"estamos cerrados","süttüshi waya"
"estamos llorando","a'yalajüshi waya"
"estamos saliendo","ojuittüshi waya"
"estamos desahuciados","oo'ulanüsü wakuwa'ipa"
"nosotros estamos escondidos","ounjulaashi waya"
"estamos adentro","ani waya paülü'ü"
"estamos bromeando","alawaa ne'e watüma"
"estamos perdiendo","amülouikai waa'in"
"nos estamos mudando","anii waya okolojoin"
"nos mudamos","okolojoshi waya"
"nos cambiamos","a'wanajashi waya"
"estamos hechos polvo","mapüsashatashi waya"
"tenemos sue o","atunkesu waa'in"
"lo estamos intentando","ani woo'ulaküin"
"lo hemos consegido","ani wantaa anain"
"lo tenemos","ani wamana"
"lo hemos conseguido","wantüipa anain"
"bienvenido a casa","antüshi pia miichipa"
"bienvenida a casa","antüsü pia miichipa"
"que festin","jemetalee tia"
"que noche","anaale ma'in aipa'a"
"que farsante","alaashi ma'in"
"que susto","ainkuusu taa'in"
"que desperdicio","alüwatshii"
"que mujer","aitua jierü"
"que idea","kekiikatchen"
"que te pico","kasa süchotaka pia"
"que anda mal","kasa mojuuko"
"quienes son ellos","jaralii nayainü"
"quien lo construyo","jarai akumajaka türa"
"quien cancelo","jarai nnojo maakai"
"quien escucho","jarai aapajakai"
"quien te pago","jarai awalajakai"
"quien te paga","jarai awalajakai pia"
"quien renuncio","jarai o'unakai yaaje"
"quien te envio","jarai aluwatakai pia"
"quien desaparecio","jarai amülouikai"
"quien lo quiere","jarai cho'ujaakai amüin"
"quien empieza","jarai o'ttainjachikai"
"quien parte","jarai o'unuinjachikai"
"quien tiene hambre","jarai ouktakai jamü"
"acaso vivira","kateechi o'u eera"
"tu me diviertes","talatshi taya pütuma"
"eres un vago","shikulata ne'e pia"
"eres rica","washirü piaka"
"eres un maleducado","kayarüi ma'in pia"
"podes descansar","eesü peemerai"
"puedes quedarte","eesü süpüla makatüin pia"
"tu primera","piakat palajana"
"vaya usted primero","pu'unaa piakai palajana"
"lo heriste","e'ikashi pütuma"
"usted la conoce","piakai pi'iraajüin shiaka"
"vos sabes como","pütüjaa aa'u jamüinjatü"
"te ves gordo","kaüsüükai paa'in"
"pueden mirar","eesü ji'rakain"
"puedes nadar","eesü püshuunajai"
"tenes que comer","eküinchi pia"
"tenes que intentar","pu'ulaküintü"
"prometiste","mapüüshi piakai"
"tu prometiste","mapüüshi pia"
"vos prometiste","ta'maakai paala"
"prometio","mapüüshi paala"
"prometieron","müshiirua"
"ustedes prometieron","müshiirua jia jaashin"
"lo prometieron","müshii jia paala"
"me asustas","ainkuushi taya putuma"
"me das miedo","ainkuukai taa'in putuma"
"tu sobreviviste","ayatshi kataa o'uchi pia"
"sobrevivio","kataa o'uyulia"
"sobrevivisteis","naayulia kataain o'u"
"sobrevivieron","naayulia kataain o'uchi naya"
"ustedes sobrevivieron","ayatshi kataain o'uchi jaya"
"sos un cerdo","püülüt paa'in"
"es cruel","mojulashi niakai"
"eres cruel","mojulashi piakai"
"estas borracha","epetü piakat"
"esta despedido","ojutunishi pia"
"esta despedida","ojutunusü pia"
"estais despedidos","ojutunuipa pia"
"estas despedida","ojutunusü jia"
"estan despedidos","ojutunushi jia"
"te toca primero","palajana piakai"
"tu vas primero","pu'unaa palajana"
"eres estupendo","anashi ma'in pia"
"estas gordo","kaüsüüshi ma'in pia"
"tu estas obeso","kaüsüüshatashi ma'in pia"
"estas mintiendo","aküjüshi pia alawaa"
"ustedes estan mintiendo","aküjüshi jia alawaa"
"tienes razon","shiimain pümaka"
"sois peque as","joo'uchon piakat"
"sos lista","yalayalasü pia"
"eres lista","yalayalasü piakat"
"estas cansado","mapüsashi pia"
"estas cansada","mapüsasü pia"
"eres duro","checheshi pia"
"eres ocurrente","kemeerai ma'in pia"
"yo aprobe","oo'ulaküichipa taya"
"estoy aprobado","alatshi taya"
"yo estoy incluido","ekerotonüshi taya"
"son polis","pulisiia naya"
"estan ellos aqui","ani nayainü ya'aya"
"estan ellas aqui","ani shiakaliru ya'aya"
"son altos","yaleetüshi naya"
"son altas","yaleetüsuiru nayakani"
"eres poli","pulisiia piakai"
"estas sola","pümüiwasü"
"estas enojada","jashichisü pia"
"estas aburrido","akulajasu paa'in"
"te aburres","akulajajerü paa'in"
"estas embriagado","eperüichipa pia"
"es usted feliz","eeshi talatüin pia"
"estan listos","keraashi jaya"
"esta usted molesto","jashichiyaakai paa'in"
"se respetuoso","kojutüinjatü müin"
"sed respetuosos","kojutüinjatü jamüin"
"apoyanos","pümüliajaa taya"
"descomponlo","pümojuja"
"desglosalo","pükatalapan"
"trae la llave","püsaajaa yaaweka"
"quemen el cuerpo","ja'ayaapan tü e'irukuka"
"quemad el cuerpo","pa'ajaapan tü shi'irukuka"
"cain era malvado","kain mojulashi ma'in"
"pidan ayuda","jachuntaa kaaliiwa"
"llamen a seguridad","jounejaa na aa'inmajuliika"
"puedo tenerlo","eesü süpüla eein tama'ana"
"puedo abrazarte","eesü süpüla tako'ojooi pünain"
"puedo participar","eesü süpüla sünainpünain taya"
"puedo quedarmelo","eesü süpüla tama'anain shia"
"puedo visitar","eesü süpüla to'unajai jaa'u"
"puedo tomarlo","eesü süpüla taapain"
"puede esperar esto","eesü süpüla ja'atapajüin tia"
"esto puede esperar","tüü ma'aka eesü süpüla sa'atapajüin"
"sabes bailar","atüjashi pia oyonnajaa"
"puedes bailar","eesü süpüla püyonnajai"
"tu puedes conducir","eesü süpüla pülü'üjain e'ejenaka"
"puedes dormir","eesü süpüla putunkai"
"cierra la caja","püsürülaa tü kajaka"
"ven aqui fuera","jalaichi yaamüin anooipa'a"
"ven adentro","jalaichi paülü'ümüin"
"vengan ambos","jalainna piamaleyan"
"baila conmigo","püyonnajaa tamaa"
"lo hicieron ustedes","jaainjaala tia"
"hablaste","aashajashi pia"
"me veo gorda","kaüsüshi taya piirüin"
"me veo viejo","laülaaichipa piirüin taya"
"necesito uno","cho'ujaasü wanee tamüin"
"espero que vuelvas","ta'atapajeechi pia püle'ejapan"
"seras bienvenido","püntaai püchukua'a"
"los peces duermen","eesü atunkuin na jimakalirua"
"hazlo rapidamente","kawachira ma'in pia"
"hagalo rapido","kakuaa sünain tü paa'inraaka"
"hazlo conmigo","paa'inraa tamaa"
"me sigues","poushikain achiirua taya"
"lo ves","piirüin"
"me ves","piirüin taya"
"no seas malo","nnojo mojulain pia"
"no seas mala","nnojo mojulain piakat"
"no seais malos","nnojo mojulain jia"
"no seais malas","nnojo mojulain jaya"
"no llegues tarde","nnojo püntüin mapan"
"no seas grosero","nnojo kashüülain ma'in pia"
"no me llamen","nnojo jounekain taya"
"no lo niegues","nnojo je'iyeein pia"
"no te desesperes","nnojo püshapatüin paa'in"
"no hagas eso","nnojo paa'inrain tia"
"no te rindas","nnojo pu'ulain"
"no me mates","nnojo po'utüin taa'in"
"coman y beban","jeka otta jasaa maala"
"coma y beba","pika otta püsaa maala"
"coman sano","jika anasü"
"come algo","pika wanee kasa"
"comete tu comida","pika tü piküinka"
"todos ganan","akanajüshi napushua'a"
"rellena esto","pükalu'ujaa tüü"
"frieme un huevo","püjuriichaja wanee kaliina ashukut"
"vuelve aqui","püle'ejaa yaamüin"
"vuelva aqui","püle'eja yaamüin"
"consigueme una cerveza","püchajaa tamüin wanee saruweesa"
"denmelo","jaapa tamüin"
"dame algunos","paapa tamüin waneeirua"
"dame una pistola","paapa tamüin wanee riwoolü"
"dame un abrazo","püko'ojoo tanain"
"dame un trabajo","paapa a'yatawaa tamüin"
"deme esos","paapa türaa tamüin"
"ve abajo","pu'unaa mmolu'umüin"
"aguanta","pa'atapajaa"
"espera ahi","pa'atapajaa yaalaya"
"espere alli","pa'atapajaa yaala"
"guarda eso","pünaaja türaa"
"hazlo venir","püntirapan"
"no puede cantar","nnojotsü süpüla pii'irajüin"
"el bebio cerveza","asüshi niakai saruweesa"
"el come mucho","kasaa ale'echi niakai"
"se sentia cansado","mapüsaashi soo'u ka'ika tia"
"le cogieron","aapaanüshi"
"el cultiva arroz","apünajüshi niakai roo"
"el esta constipado","ayuuisu tü nüle'eka"
"el la abrazo","ako'ojooshi niakai sünainmüin"
"es ingles","inküleenaiki türa"
"es un ladron","ka'ruwarai niakai"
"esta leyendo","aashaje'etshi"
"el esta leyendo","aashaje'etshi niakai"
"el la beso","nüchu'laain niakai"
"la beso","nüchu'laain"
"el me mintio","aküjashi alawaa tamüin"
"luce palido","nnojotsü ma'in naa'in"
"me pellizco","nasü'ütüin taya"
"el parece amable","anamia ma'in niakai"
"el parece enfermo","ayuuikai na'in"
"el vende carros","aikkaashi niakai e'ejena"
"el me disparo","na'itüin taya niakai"
"se expresa bien","pansaasü pütchika naashajapa"
"quiere mas","ko'omüinjeshi"
"el estaba llorando","a'yalajapünashi niakai"
"el fue apedreado","a'itünüshi süka ipa"
"se quedo ciego","moo'uuichipa joolu'u"
"no lo sabra","nnojoleerü nütüjaa aa'u"
"es abogado","pütchipu'ui niakai"
"el es abogado","niakai pütchipu'ui"
"el es machista","tooloshatashi naashin"
"el es adorable","anamiashatashi niakai"
"no esta enfermo","nnojoishi ayuulin niakai"
"sirvase usted mismo","paapa ne'e yaaleje"
"sirvete tu mismo","paapa ne'e paapaainjatüka"
"servios vosotros mismos","jaapaa ne'e"
"sirvanse ustedes mismos","jaapaa ne'e jaapaainjatüka"
"aqui viene","iseechi niakai"
"su nariz sangraba","kashashi ni'ichipüna"
"abrazame fuertemente","püko'ojoo tanain emetulu"
"retenga mis llamadas","püchechererü teenakapa pia"
"espera alli","pa'atapaja yaalaya"
"sujetalo","püchecherapan"
"sosten la puerta","pajapulu'u tü piicho'ukat"
"sujeta la cuerda","pajapulu'u tü süpükat"
"aguanta la cuerda","ichee putuma tü süpükat"
"toca la bocina","pü'yalajirapa tü wosinakat"
"toca el claxon","püpettaa tü süwosinainkat"
"que tal tu","jamayaa paa'in so'ukai"
"como estan ustedes","jamayaa jaa'in"
"cuantos murieron","je'raa ouktüsüirua"
"yo acepto eso","taapainjatü tia"
"yo lo adquiri","taapain"
"a adi agua","to'yotüin wüin"
"siempre camino","waraittushi taya waneepia"
"soy americano","merikaana taya"
"soy japones","japone taya"
"soy japonesa","japone tayakat"
"estoy tosiendo","oonojüshi taya"
"soy como el","taya müshi naa'in niakai"
"me indigna","mojusü tamüin"
"estoy estornudando","ashoujashi taya"
"es culpa mia","taainjala"
"creo en tom","oonoshi taya nümaa tom"
"te creo","oonoshi taya püma"
"les creo","oonoshi taya jama"
"yo los soborne","a'walajüshi taya ajuuna"
"yo los queme","ta'ajüin tayakai"
"los llame","tounekajüin naya"
"yo puedo explicar","eesü süpüla tekirajain jia sünain"
"puedo sentirlo","kayamülajasü taya"
"yo puedo hacerlo","eesü süpüla taainrain"
"no puedo dormir","nnojotsü süpüla tatunkünjatü"
"no puedo fumar","nnojotsü süpüla takaijain"
"no puedo soportar","nnojorüleesü kamalain tamüin"
"no puedo resistir","nnojoleerü kamaain tatsüin"
"yo lo cancele","tasha'waleerüin tia"
"yo cause esto","taainjala tü ma'aka supüshua'a"
"yo contribui","eeshi taya sünain tia"
"yo llore bastante","a'yalajashatashi ma'in taya"
"me lo merecia","takanain tia"
"yo no llame","nnojoishi taya ounekaain"
"no me importo","mojutusü tamüin"
"yo no supe","nnojotsü taapüin achikü"
"yo no vi","nnojotsü te'erüin"
"yo no movi","nnojotsü takutuleerain"
"yo no cante","nnojoishi taya ee'irajüin"
"yo no pare","nnojoishi taya asha'walain"
"yo no vote","nnojoishi taya awotajüin"
"si yo recuerdo","aa sotüsü taa'in"
"claro que recuerdo","aja sotüsü taa'in"
"eso pienso yo","shia tekiiruka paashin"
"yo no ronco","nnojoishi taya kookoloin"
"yo no robo","nnojoishi taya a'luwajüin"
"no estudio","mekirajainsai taya"
"bebi un monton","asaayashatashi taya"
"bebo un monton","asüishata ma'in taya"
"llevo un bmw","alü'üjüshi taya wanee bmw"
"conduzco mal","nnojotsü anain tamanejai"
"yo exagere","alataaleshi taya"
"me dormi","atunküshi taya"
"yo finalmente gane","akanajüshi taya mapan"
"yo lo termine","aja'lajasü tatuma'a"
"yo encontre estos","tantaa anain tüiru"
"resulte enga ado","emeejünüshi taya ne'e"
"me dio sed","miyaasüüshi taya"
"tuve una idea","jülüjüipa taa'in"
"yo odio boston","kanainsü taa'in boston"
"odio el frances","kanainsü taa'in tü püranseenaiki"
"odio volar","kanainsü taa'in awataa"
"odio mi trabajo","uttüsü taa'in sünain tü ta'yatainka"
"odio el invierno","uttüsü taa'in juyapü"
"estoy resfriado","oushuushi taya"
"tengo una cita","antiraainjachi taya"
"tengo una vida","eeiyülia kataa o'u taa'u"
"tengo una visa","kawisainshi taya"
"tengo un visado","kawisaichipa taya"
"tengo rodilleras","kasapainpalashi taya"
"yo tengo cancer","kansetshi taya"
"yo he fallado","isaasü tachiki"
"yo tengo ordenes","aluwatanuichipa taya"
"yo tengo derechos","eesü kasa wanaakat süpüla tamüinyüü"
"he pecado","kaaijalashi taya"
"tengo que intentarlo","too'ulakainjatü"
"tengo que ganar","akanajüinjachi taya"
"yo escucho sirenas","taapüin shi'ira sirena"
"escucho voces","aapajüshi taya anüikiirua"
"ignore a tom","nnojoishi kasajachin tamüin tom"
"recien me levanto","atamashi taya maalüjatü"
"yo solo sonrei","asirajüshi ne'e taya"
"no es broma","nnojotsü me'erainpalajatü"
"yo se frances","atüjashi taya püranseenaiki"
"yo se cosas","tatüjaa aa'u kasa"
"te menti","alawaa tama'aka müin"
"les menti","alawaa taküjaaka jamüin"
"me gusta coser","tacheküin tü a'yapüjaaka"
"me gusta esquiar","kamalainsü tamüin waraittaa soo'opüna yeelo"
"me gusta comer","tacheküin tü ekaawaka"
"perdi mi clave","amülouisü tü ayaawatiaka"
"yo amo boston","aisü tapüla boston"
"me gusta hornear","kamalainsü tamüin asijaa sulu'u horno"
"yo me quiero","aijiraashi taya tapüla"
"amo la naturaleza","aisü tapüla tü eekat saa'u tü mmakat"
"adoro el deporte","ta'waajüin tü shaitaakat"
"hice la cena","taainjüipa tü eküülüka"
"prepare cena","taa'inrüipa tü eküülüka"
"yo debo arreglarlo","tanouktainjatü tayakai"
"yo debo objetar","asokotüinjachi taya"
"yo debo rechazar","tojütainjatü süchikü"
"yo debo resistir","eejiraainjachi taya"
"yo debo verlo","te'rüinjatü"
"necesito una tripulacion","cho'ujaashii tamüin wanee wayuuirua tamaainjana"
"necesito un prestamo","cho'ujaasü a'anapajünüin tamüin"
"necesito un plan","cho'ujaasü tamüin wanee kasa taa'inrajatkat"
"necesito una semana","cho'ujaasü tamüin wanee semaana"
"yo necesito consejos","cho'ujaasü püchiain taya"
"necesito cafe","cho'ujaasü kepein tamüin"
"necesito mi bolsa","cho'ujaasü tamüin wanee wotso"
"yo necesito pagar","cho'ujaa tawalaajüin"
"yo necesito intentar","cho'ujaasü too'ulakai"
"yo necesite ayuda","cho'ujaa akaaliijanüin taya"
"necesitaba descansar","eemerajepüshi taya"
"nunca hago trampas","nnojoishi taya aainjüin türampa"
"nunca sue o","nnojorüleeshi taya a'lapüjain"
"no bebo nunca","nnojoireeshi taya asaain"
"poseo un caballo","eesü tama'ana wanee ama"
"yo juego squash","ashaittajüshi taya skuash"
"me declare culpable","taainjala müshi taya"
"yo corri afuera","awatashi taya anoouipa'amüin"
"la rescate","to'tte'erüin shiaka"
"lo rescate","to'tte'erüin niakai"
"yo te rescate","to'tte'rrüin piakai"
"respeto a tom","kojutshi tapüla tom"
"yo dije levantate","pütama ne'e müshi taya"
"yo dije gracias","analu'ut saa'u müshi taya"
"vi al perro","te'rüin wanee erü"
"veo una corona","te'rüin wanee korona"
"veo una luz","te'rüin wanee awarala"
"veo una reina","te'rüin wanee reina"
"veo mi barco","te'rüin tü taanuainka"
"me dispare","a'iniraashi taya"
"yo deberia renunciar","acheküshi to'ulaain"
"yo huelo tocino","keejushi taya püülükemasü"
"yo huelo humo","amüsajemashi taya"
"oli gas","taataa eejuu kaasü"
"vendi un libro","taikküipa'a wanee karaloukta"
"yo lo apoyo","oonoshi taya nümaa"
"confiaba en ti","ataralashi taya püma"
"yo uso firefox","ta'yataka amaa shia firefox"
"quiero un libro","keireka taa'in wanee karaloukta"
"quiero cafe","aseeshi taya kepein"
"quiero llorar","a'yalajekai taa'in"
"quiero morir","oukteshi taya"
"quiero comer","ekeesü taa'in"
"quiero ganar","akanajaweeshi taya"
"estaba en casa","yaajachi taya miichipa"
"fui precavido","taa'inmajüin takua'ipa"
"estaba furioso","jashichishatashi taya"
"fui demasiado timido","japüishatashi taya"
"estaba atrapado","ata'ünüshi niakai"
"estaba desarmado","ma'apülashi niakai"
"te observe","tananajüin pia"
"os vigile","te'rajaain pia"
"hice senderismo","awaraijaashi taya"
"no cedere","nnojolechi taya ajutuin"
"escribo versos","ashajüshi taya pütchirua"
"eso me gustaria","tachekaka ne'e tia"
"lo permitire","too'ulajerü"
"voy a permitirlo","too'ulajerü tia"
"estare solo","tamüiwainjashi taya"
"lo comprare","tayalajüinjatü"
"yo le alcanzare","tasa'watechi nia"
"comere aqui","ekaainjachi taya ya'aya"
"encontrare a tom","tanteechi anain tom"
"yo ire primero","palajanainjachi taya"
"yo ire ahi","yaalainjachi taya o'unuin"
"te matare","touktuinjatü paa'in"
"le mostrare","tee'iyajüinjatü paala"
"lo llevare","te'ikajainjachi niakai"
"cogere uno","taapainjatü waneeshi"
"soy un turista","waraitüi taya saainküin mma"
"soy testigo","to'upalajatü"
"soy adicta","kamalainsü tamüin tü yüikat"
"soy huerfano","mo'uutshi taya"
"yo soy atento","eesü taa'in waneepia"
"estoy despierto ahora","achijiraichipa taya"
"soy guapa","anachonsü taya"
"yo soy tranquilo","jimataa aa'in taya"
"soy olvidadizo","motoowaisü taa'in"
"estoy impaciente","shapaasü taa'in"
"soy impaciente","kashaparai taya"
"yo soy importante","kojutüshi ma'in taya"
"estoy en boston","anii taya boston"
"estoy a cargo","tama'anasü tü ma'aka"
"estoy en peligro","eesü süpüla sülatüin kasa mojusü tamüin"
"estoy intrigada","nnojotsü tatüjaain aa'u taa'in"
"te escuchare","taapüin pünüiki"
"estoy motivado","ke'epüishi taya"
"me mudo","okolojowa müin yaa"
"seguire adelante","ayateechi taya waneepia"
"no soy espia","nnojoishi taya anajülin"
"no estoy ciego","nnojoishi mo'uuin taya"
"no soy mandon","nnojoishi kaluwatarai taya"
"no soy mandona","nnojotsü kaluwatarai taya"
"no estoy ebrio","nnojoishi taya eperüin"
